{
  "project_info": {
    "project_number": "7846833773",
    "project_id": "eduai-chatbot-319d6",
    "storage_bucket": "eduai-chatbot-319d6.firebasestorage.app"
  },
  "client": [
    {
      "client_info": {
        "mobilesdk_app_id": "1:7846833773:android:bb3fe8d375100054b45964",
        "android_client_info": {
          "package_name": "com.example.eduai"
        }
      },
      "oauth_client": [],
      "api_key": [
        {
          "current_key": "AIzaSyB_by4D3zHgUDAnkyJpMT6PTh2afEd6uWA"
        }
      ],
      "services": {
        "appinvite_service": {
          "other_platform_oauth_client": []
        }
      }
    }
  ],
  "configuration_version": "1"
}